[
  {
    "country": "Bahrain",
    "lane": 3,
    "heat": 2,
    "secondLeg": 9.546000000000001,
    "firstLeg": 10.13,
    "name": "Kemarley Brown",
    "id": 1,
    "year": 2016
  },
  {
    "country": "Great Britain",
    "lane": 5,
    "heat": 2,
    "secondLeg": 9.530000000000001,
    "firstLeg": 10.13,
    "name": "Chijindu Ujah",
    "id": 2,
    "year": 2016
  },
  {
    "country": "United States",
    "lane": 7,
    "heat": 2,
    "secondLeg": 9.540000000000001,
    "firstLeg": 10.16,
    "name": "Marvin Bracy",
    "id": 3,
    "year": 2016
  },
  {
    "country": "Nigeria",
    "lane": 2,
    "heat": 2,
    "secondLeg": 9.704,
    "firstLeg": 10.26,
    "name": "Seye Ogunlewe",
    "id": 4,
    "year": 2016
  },
  {
    "country": "Qatar",
    "lane": 1,
    "heat": 2,
    "secondLeg": 9.6,
    "firstLeg": 10.28,
    "name": "Femi Ogunode",
    "id": 5,
    "year": 2016
  },
  {
    "country": "Ghana",
    "lane": 8,
    "heat": 2,
    "secondLeg": 9.85,
    "firstLeg": 10.43,
    "name": "Sean Safo-Antwi",
    "id": 6,
    "year": 2016
  },
  {
    "country": "Iran",
    "lane": 9,
    "heat": 2,
    "secondLeg": 9.870000000000001,
    "firstLeg": 10.47,
    "name": "Reza Ghasemi",
    "id": 7,
    "year": 2016
  },
  {
    "country": "Bahamas",
    "lane": 6,
    "heat": 2,
    "secondLeg": 9.958,
    "firstLeg": 10.53,
    "name": "Adrian Griffith",
    "id": 8,
    "year": 2016
  },
  {
    "country": "Brunei",
    "lane": 4,
    "heat": 2,
    "secondLeg": 10.346,
    "firstLeg": 10.95,
    "name": "Mohamed Fakhri Ismail",
    "id": 9,
    "year": 2016
  },
  {
    "country": "United States",
    "lane": 8,
    "heat": 3,
    "secondLeg": 9.37,
    "firstLeg": 10.01,
    "name": "Justin Gatlin",
    "id": 10,
    "year": 2016
  },
  {
    "country": "Antigua and Barbuda",
    "lane": 7,
    "heat": 3,
    "secondLeg": 9.588,
    "firstLeg": 10.2,
    "name": "Daniel Bailey",
    "id": 11,
    "year": 2016
  },
  {
    "country": "Trinidad and Tobago",
    "lane": 1,
    "heat": 3,
    "secondLeg": 9.782,
    "firstLeg": 10.23,
    "name": "Rondel Sorrillo",
    "id": 12,
    "year": 2016
  },
  {
    "country": "Zambia",
    "lane": 5,
    "heat": 3,
    "secondLeg": 9.686,
    "firstLeg": 10.27,
    "name": "Gerald Phiri",
    "id": 13,
    "year": 2016
  },
  {
    "country": "Germany",
    "lane": 9,
    "heat": 3,
    "secondLeg": 9.626,
    "firstLeg": 10.29,
    "name": "Lucas Jakubczyk",
    "id": 14,
    "year": 2016
  },
  {
    "country": "Nigeria",
    "lane": 6,
    "heat": 3,
    "secondLeg": 9.766,
    "firstLeg": 10.37,
    "name": "Ogho-Oghene Egwero",
    "id": 15,
    "year": 2016
  },
  {
    "country": "Ivory Coast",
    "lane": 3,
    "heat": 3,
    "secondLeg": 9.706,
    "firstLeg": 10.37,
    "name": "Hua Wilfried Koffi",
    "id": 16,
    "year": 2016
  },
  {
    "country": "Palau",
    "lane": 2,
    "heat": 3,
    "secondLeg": 10.108,
    "firstLeg": 10.64,
    "name": "Rodman Teltull",
    "id": 17,
    "year": 2016
  },
  {
    "country": "Macedonia",
    "lane": 4,
    "heat": 3,
    "secondLeg": 10.058000000000002,
    "firstLeg": 10.71,
    "name": "Riste Pandev",
    "id": 18,
    "year": 2016
  },
  {
    "country": "China",
    "lane": 5,
    "heat": 4,
    "secondLeg": 9.508000000000001,
    "firstLeg": 10.08,
    "name": "Xie Zhenye",
    "id": 19,
    "year": 2016
  },
  {
    "country": "Jamaica",
    "lane": 3,
    "heat": 4,
    "secondLeg": 9.602,
    "firstLeg": 10.13,
    "name": "Nickel Ashmeade",
    "id": 20,
    "year": 2016
  },
  {
    "country": "Iran",
    "lane": 6,
    "heat": 4,
    "secondLeg": 9.57,
    "firstLeg": 10.17,
    "name": "Hassan Taftian",
    "id": 21,
    "year": 2016
  },
  {
    "country": "Saint Kitts and Nevis",
    "lane": 2,
    "heat": 4,
    "secondLeg": 9.576,
    "firstLeg": 10.18,
    "name": "Kim Collins",
    "id": 22,
    "year": 2016
  },
  {
    "country": "Saudi Arabia",
    "lane": 4,
    "heat": 4,
    "secondLeg": 9.644,
    "firstLeg": 10.26,
    "name": "Abdullah Abkar Mohammed",
    "id": 23,
    "year": 2016
  },
  {
    "country": "Morocco",
    "lane": 7,
    "heat": 4,
    "secondLeg": 9.708,
    "firstLeg": 10.34,
    "name": "Aziz Ouhadi",
    "id": 24,
    "year": 2016
  },
  {
    "country": "Cayman Islands",
    "lane": 9,
    "heat": 4,
    "secondLeg": 9.7,
    "firstLeg": 10.34,
    "name": "Kemar Hyman",
    "id": 25,
    "year": 2016
  },
  {
    "country": "Haiti",
    "lane": 8,
    "heat": 4,
    "secondLeg": 9.838000000000001,
    "firstLeg": 10.39,
    "name": "Darrell Wesh",
    "id": 26,
    "year": 2016
  },
  {
    "country": "Canada",
    "lane": 3,
    "heat": 5,
    "secondLeg": 9.447999999999999,
    "firstLeg": 10.04,
    "name": "Andre De Grasse",
    "id": 27,
    "year": 2016
  },
  {
    "country": "Japan",
    "lane": 9,
    "heat": 5,
    "secondLeg": 9.582,
    "firstLeg": 10.13,
    "name": "Asuka Cambridge",
    "id": 28,
    "year": 2016
  },
  {
    "country": "China",
    "lane": 2,
    "heat": 5,
    "secondLeg": 9.586,
    "firstLeg": 10.17,
    "name": "Su Bingtian",
    "id": 29,
    "year": 2016
  },
  {
    "country": "France",
    "lane": 1,
    "heat": 5,
    "secondLeg": 9.533999999999999,
    "firstLeg": 10.19,
    "name": "Jimmy Vicaut",
    "id": 30,
    "year": 2016
  },
  {
    "country": "Netherlands",
    "lane": 7,
    "heat": 5,
    "secondLeg": 9.652000000000001,
    "firstLeg": 10.22,
    "name": "Churandy Martina",
    "id": 31,
    "year": 2016
  },
  {
    "country": "Liberia",
    "lane": 5,
    "heat": 5,
    "secondLeg": 9.726,
    "firstLeg": 10.31,
    "name": "Emmanuel Matadi",
    "id": 32,
    "year": 2016
  },
  {
    "country": "Germany",
    "lane": 8,
    "heat": 5,
    "secondLeg": 9.8,
    "firstLeg": 10.34,
    "name": "Julian Reus",
    "id": 33,
    "year": 2016
  },
  {
    "country": "Bahamas",
    "lane": 6,
    "heat": 5,
    "secondLeg": 10.1,
    "firstLeg": 10.68,
    "name": "Jamial Rolle",
    "id": 34,
    "year": 2016
  },
  {
    "country": "Indonesia",
    "lane": 4,
    "heat": 5,
    "secondLeg": 10.212,
    "firstLeg": 10.7,
    "name": "Sudirman Hadi",
    "id": 35,
    "year": 2016
  },
  {
    "country": "Ivory Coast",
    "lane": 9,
    "heat": 6,
    "secondLeg": 9.45,
    "firstLeg": 10.03,
    "name": "Ben Youssef Meïté",
    "id": 36,
    "year": 2016
  },
  {
    "country": "United States",
    "lane": 5,
    "heat": 6,
    "secondLeg": 9.47,
    "firstLeg": 10.13,
    "name": "Trayvon Bromell",
    "id": 37,
    "year": 2016
  },
  {
    "country": "France",
    "lane": 4,
    "heat": 6,
    "secondLeg": 9.56,
    "firstLeg": 10.16,
    "name": "Christophe Lemaitre",
    "id": 38,
    "year": 2016
  },
  {
    "country": "Antigua and Barbuda",
    "lane": 7,
    "heat": 6,
    "secondLeg": 9.575999999999999,
    "firstLeg": 10.2,
    "name": "Cejhae Greene",
    "id": 39,
    "year": 2016
  },
  {
    "country": "Trinidad and Tobago",
    "lane": 8,
    "heat": 6,
    "secondLeg": 9.6,
    "firstLeg": 10.2,
    "name": "Keston Bledman",
    "id": 40,
    "year": 2016
  },
  {
    "country": "Canada",
    "lane": 1,
    "heat": 6,
    "secondLeg": 9.728000000000002,
    "firstLeg": 10.22,
    "name": "Akeem Haynes",
    "id": 41,
    "year": 2016
  },
  {
    "country": "Zimbabwe",
    "lane": 6,
    "heat": 6,
    "secondLeg": 9.756,
    "firstLeg": 10.28,
    "name": "Gabriel Mvumvure",
    "id": 42,
    "year": 2016
  },
  {
    "country": "Maldives",
    "lane": 2,
    "heat": 6,
    "secondLeg": 9.93,
    "firstLeg": 10.47,
    "name": "Hassan Saaid",
    "id": 43,
    "year": 2016
  },
  {
    "country": "Jamaica",
    "lane": 4,
    "heat": 7,
    "secondLeg": 9.494,
    "firstLeg": 10.11,
    "name": "Yohan Blake",
    "id": 44,
    "year": 2016
  },
  {
    "country": "Turkey",
    "lane": 8,
    "heat": 7,
    "secondLeg": 9.504000000000001,
    "firstLeg": 10.14,
    "name": "Jak Ali Harvey",
    "id": 45,
    "year": 2016
  },
  {
    "country": "Oman",
    "lane": 9,
    "heat": 7,
    "secondLeg": 9.600000000000001,
    "firstLeg": 10.22,
    "name": "Barakat Mubarak Al-Harthi",
    "id": 46,
    "year": 2016
  },
  {
    "country": "Lesotho",
    "lane": 2,
    "heat": 7,
    "secondLeg": 9.646,
    "firstLeg": 10.25,
    "name": "Mosito Lehata",
    "id": 47,
    "year": 2016
  },
  {
    "country": "Great Britain",
    "lane": 6,
    "heat": 7,
    "secondLeg": 9.709999999999999,
    "firstLeg": 10.29,
    "name": "James Ellington",
    "id": 48,
    "year": 2016
  },
  {
    "country": "South Africa",
    "lane": 3,
    "heat": 7,
    "secondLeg": 9.902,
    "firstLeg": 10.33,
    "name": "Henricho Bruintjies",
    "id": 49,
    "year": 2016
  },
  {
    "country": "China",
    "lane": 5,
    "heat": 7,
    "secondLeg": 9.876,
    "firstLeg": 10.36,
    "name": "Zhang Peimeng",
    "id": 50,
    "year": 2016
  },
  {
    "country": "Saint Kitts and Nevis",
    "lane": 7,
    "heat": 7,
    "secondLeg": 9.794,
    "firstLeg": 10.39,
    "name": "Antoine Adams",
    "id": 51,
    "year": 2016
  },
  {
    "country": "Jamaica",
    "lane": 6,
    "heat": 8,
    "secondLeg": 9.446,
    "firstLeg": 10.07,
    "name": "Usain Bolt",
    "id": 52,
    "year": 2016
  },
  {
    "country": "Bahrain",
    "lane": 3,
    "heat": 8,
    "secondLeg": 9.584,
    "firstLeg": 10.12,
    "name": "Andrew Fisher",
    "id": 53,
    "year": 2016
  },
  {
    "country": "Great Britain",
    "lane": 7,
    "heat": 8,
    "secondLeg": 9.496,
    "firstLeg": 10.18,
    "name": "James Dasaolu",
    "id": 54,
    "year": 2016
  },
  {
    "country": "Japan",
    "lane": 9,
    "heat": 8,
    "secondLeg": 9.63,
    "firstLeg": 10.23,
    "name": "Yoshihide Kiryu",
    "id": 55,
    "year": 2016
  },
  {
    "country": "Bahamas",
    "lane": 2,
    "heat": 8,
    "secondLeg": 9.724,
    "firstLeg": 10.28,
    "name": "Shavez Hart",
    "id": 56,
    "year": 2016
  },
  {
    "country": "Trinidad and Tobago",
    "lane": 5,
    "heat": 8,
    "secondLeg": 9.77,
    "firstLeg": 10.29,
    "name": "Richard Thompson",
    "id": 57,
    "year": 2016
  },
  {
    "country": "Saint Lucia",
    "lane": 8,
    "heat": 8,
    "secondLeg": 9.802000000000001,
    "firstLeg": 10.39,
    "name": "Jahvid Best",
    "id": 58,
    "year": 2016
  },
  {
    "country": "Suriname",
    "lane": 1,
    "heat": 8,
    "secondLeg": 9.914000000000001,
    "firstLeg": 10.47,
    "name": "Jurgen Themen",
    "id": 59,
    "year": 2016
  },
  {
    "country": "Singapore",
    "lane": 4,
    "heat": 8,
    "secondLeg": 10.193999999999999,
    "firstLeg": 10.79,
    "name": "Jin Wei Timothee Yap",
    "id": 60,
    "year": 2016
  },
  {
    "country": "South Africa",
    "lane": 4,
    "heat": 9,
    "secondLeg": 9.644,
    "firstLeg": 10.14,
    "name": "Akani Simbine",
    "id": 61,
    "year": 2016
  },
  {
    "country": "Japan",
    "lane": 1,
    "heat": 9,
    "secondLeg": 9.755999999999998,
    "firstLeg": 10.2,
    "name": "Ryota Yamagata",
    "id": 62,
    "year": 2016
  },
  {
    "country": "Canada",
    "lane": 7,
    "heat": 9,
    "secondLeg": 9.7,
    "firstLeg": 10.24,
    "name": "Aaron Brown",
    "id": 63,
    "year": 2016
  },
  {
    "country": "Barbados",
    "lane": 9,
    "heat": 9,
    "secondLeg": 9.602,
    "firstLeg": 10.25,
    "name": "Ramon Gittens",
    "id": 64,
    "year": 2016
  },
  {
    "country": "Netherlands",
    "lane": 2,
    "heat": 9,
    "secondLeg": 9.852,
    "firstLeg": 10.36,
    "name": "Solomon Bockarie",
    "id": 65,
    "year": 2016
  },
  {
    "country": "South Korea",
    "lane": 6,
    "heat": 9,
    "secondLeg": 9.829999999999998,
    "firstLeg": 10.37,
    "name": "Kim Kuk-young",
    "id": 66,
    "year": 2016
  },
  {
    "country": "Saint Kitts and Nevis",
    "lane": 3,
    "heat": 9,
    "secondLeg": 9.898000000000001,
    "firstLeg": 10.55,
    "name": "Brijesh Lawrence",
    "id": 67,
    "year": 2016
  },
  {
    "country": "Palestine",
    "lane": 8,
    "heat": 9,
    "secondLeg": 11.278,
    "firstLeg": 11.89,
    "name": "Mohammed Abukhousa",
    "id": 68,
    "year": 2016
  },
  {
    "country": "Namibia",
    "lane": 5,
    "heat": 1,
    "secondLeg": 9.511999999999999,
    "firstLeg": 10.12,
    "name": "Frankie Fredericks",
    "id": 69,
    "year": 2004
  },
  {
    "country": "Nigeria",
    "lane": 3,
    "heat": 1,
    "secondLeg": 9.332,
    "firstLeg": 10.22,
    "name": "Uchenna Emedolu",
    "id": 70,
    "year": 2004
  },
  {
    "country": "Japan",
    "lane": 4,
    "heat": 1,
    "secondLeg": 9.574,
    "firstLeg": 10.27,
    "name": "Shingo Suetsugu",
    "id": 71,
    "year": 2004
  },
  {
    "country": "Great Britain",
    "lane": 7,
    "heat": 1,
    "secondLeg": 9.714,
    "firstLeg": 10.35,
    "name": "Darren Campbell",
    "id": 72,
    "year": 2004
  },
  {
    "country": "China",
    "lane": 9,
    "heat": 1,
    "secondLeg": 9.725999999999999,
    "firstLeg": 10.45,
    "name": "Chen Haijian",
    "id": 73,
    "year": 2004
  },
  {
    "country": "Ghana",
    "lane": 2,
    "heat": 1,
    "secondLeg": 9.899999999999999,
    "firstLeg": 10.54,
    "name": "Eric Nkansah",
    "id": 74,
    "year": 2004
  },
  {
    "country": "Singapore",
    "lane": 6,
    "heat": 1,
    "secondLeg": 10.11,
    "firstLeg": 10.75,
    "name": "Poh Seng Song",
    "id": 75,
    "year": 2004
  },
  {
    "country": "São Tomé and Príncipe",
    "lane": 8,
    "heat": 1,
    "secondLeg": 10.26,
    "firstLeg": 11,
    "name": "Yazaldes Nascimento",
    "id": 76,
    "year": 2004
  },
  {
    "country": "Great Britain",
    "lane": 5,
    "heat": 2,
    "secondLeg": 9.534,
    "firstLeg": 10.13,
    "name": "Mark Lewis-Francis",
    "id": 77,
    "year": 2004
  },
  {
    "country": "Ghana",
    "lane": 7,
    "heat": 2,
    "secondLeg": 9.437999999999999,
    "firstLeg": 10.19,
    "name": "Aziz Zakari",
    "id": 78,
    "year": 2004
  },
  {
    "country": "Hungary",
    "lane": 6,
    "heat": 2,
    "secondLeg": 9.732,
    "firstLeg": 10.28,
    "name": "Roland Németh",
    "id": 79,
    "year": 2004
  },
  {
    "country": "Saudi Arabia",
    "lane": 3,
    "heat": 2,
    "secondLeg": 9.788,
    "firstLeg": 10.36,
    "name": "Salem Mubarak Al Yami",
    "id": 80,
    "year": 2004
  },
  {
    "country": "Malta",
    "lane": 4,
    "heat": 2,
    "secondLeg": 9.962,
    "firstLeg": 10.67,
    "name": "Darren Gilford",
    "id": 81,
    "year": 2004
  },
  {
    "country": "Jordan",
    "lane": 8,
    "heat": 2,
    "secondLeg": 10.072,
    "firstLeg": 10.76,
    "name": "Khalil Al Hanahneh",
    "id": 82,
    "year": 2004
  },
  {
    "country": "Kiribati",
    "lane": 2,
    "heat": 2,
    "secondLeg": 10.888,
    "firstLeg": 11.62,
    "name": "Kakianako Nariki",
    "id": 83,
    "year": 2004
  },
  {
    "country": "United States",
    "lane": 8,
    "heat": 3,
    "secondLeg": 9.254,
    "firstLeg": 10.07,
    "name": "Justin Gatlin",
    "id": 84,
    "year": 2004
  },
  {
    "country": "Cayman Islands",
    "lane": 6,
    "heat": 3,
    "secondLeg": 9.526,
    "firstLeg": 10.15,
    "name": "Kareem Streete-Thompson",
    "id": 85,
    "year": 2004
  },
  {
    "country": "Ghana",
    "lane": 9,
    "heat": 3,
    "secondLeg": 9.678,
    "firstLeg": 10.21,
    "name": "Leonard Myles-Mills",
    "id": 86,
    "year": 2004
  },
  {
    "country": "Brazil",
    "lane": 4,
    "heat": 3,
    "secondLeg": 9.554,
    "firstLeg": 10.23,
    "name": "Vicente de Lima",
    "id": 87,
    "year": 2004
  },
  {
    "country": "Russia",
    "lane": 1,
    "heat": 3,
    "secondLeg": 9.706,
    "firstLeg": 10.29,
    "name": "Andrey Yepishin",
    "id": 88,
    "year": 2004
  },
  {
    "country": "Greece",
    "lane": 2,
    "heat": 3,
    "secondLeg": 9.756,
    "firstLeg": 10.32,
    "name": "Georgios Theodoridis",
    "id": 89,
    "year": 2004
  },
  {
    "country": "Comoros",
    "lane": 5,
    "heat": 3,
    "secondLeg": 9.968,
    "firstLeg": 10.62,
    "name": "Hadhari Djaffar",
    "id": 90,
    "year": 2004
  },
  {
    "country": "Maldives",
    "lane": 7,
    "heat": 3,
    "secondLeg": 10.764000000000001,
    "firstLeg": 11.72,
    "name": "Sultan Saeed",
    "id": 91,
    "year": 2004
  },
  {
    "country": "United States",
    "lane": 6,
    "heat": 4,
    "secondLeg": 9.283999999999999,
    "firstLeg": 10.02,
    "name": "Shawn Crawford",
    "id": 92,
    "year": 2004
  },
  {
    "country": "Barbados",
    "lane": 1,
    "heat": 4,
    "secondLeg": 9.516,
    "firstLeg": 10.08,
    "name": "Obadele Thompson",
    "id": 93,
    "year": 2004
  },
  {
    "country": "Slovenia",
    "lane": 4,
    "heat": 4,
    "secondLeg": 9.702,
    "firstLeg": 10.15,
    "name": "Matic Osovnikar",
    "id": 94,
    "year": 2004
  },
  {
    "country": "Burkina Faso",
    "lane": 5,
    "heat": 4,
    "secondLeg": 9.63,
    "firstLeg": 10.33,
    "name": "Idrissa Sanou",
    "id": 95,
    "year": 2004
  },
  {
    "country": "Paraguay",
    "lane": 3,
    "heat": 4,
    "secondLeg": 9.936,
    "firstLeg": 10.5,
    "name": "Diego Ferreira",
    "id": 96,
    "year": 2004
  },
  {
    "country": "Aruba",
    "lane": 9,
    "heat": 4,
    "secondLeg": 10.084,
    "firstLeg": 11.02,
    "name": "Pierre de Windt",
    "id": 97,
    "year": 2004
  },
  {
    "country": "Laos",
    "lane": 7,
    "heat": 4,
    "secondLeg": 10.492,
    "firstLeg": 11.3,
    "name": "Chamleunesouk Ao Oudomphonh",
    "id": 98,
    "year": 2004
  },
  {
    "country": "Afghanistan",
    "lane": 8,
    "heat": 4,
    "secondLeg": 10.792,
    "firstLeg": 11.66,
    "name": "Masoud Azizi",
    "id": 99,
    "year": 2004
  },
  {
    "country": "Portugal",
    "lane": 2,
    "heat": 5,
    "secondLeg": 9.43,
    "firstLeg": 10.09,
    "name": "Francis Obikwelu",
    "id": 100,
    "year": 2004
  },
  {
    "country": "France",
    "lane": 5,
    "heat": 5,
    "secondLeg": 9.58,
    "firstLeg": 10.18,
    "name": "Ronald Pognon",
    "id": 101,
    "year": 2004
  },
  {
    "country": "The Gambia",
    "lane": 3,
    "heat": 5,
    "secondLeg": 9.632,
    "firstLeg": 10.26,
    "name": "Jaysuma Saidy Ndure",
    "id": 102,
    "year": 2004
  },
  {
    "country": "Brazil",
    "lane": 8,
    "heat": 5,
    "secondLeg": 9.752,
    "firstLeg": 10.34,
    "name": "Jarbas Mascarenhas",
    "id": 103,
    "year": 2004
  },
  {
    "country": "Japan",
    "lane": 7,
    "heat": 5,
    "secondLeg": 9.642,
    "firstLeg": 10.37,
    "name": "Hiroyasu Tsuchie",
    "id": 104,
    "year": 2004
  },
  {
    "country": "Virgin Islands",
    "lane": 9,
    "heat": 5,
    "secondLeg": 9.628,
    "firstLeg": 10.52,
    "name": "Adrian Durant",
    "id": 105,
    "year": 2004
  },
  {
    "country": "Guinea",
    "lane": 6,
    "heat": 5,
    "secondLeg": 9.988,
    "firstLeg": 10.62,
    "name": "Nabie Foday Fofanah",
    "id": 106,
    "year": 2004
  },
  {
    "country": "Cook Islands",
    "lane": 4,
    "heat": 5,
    "secondLeg": 10.528,
    "firstLeg": 11.22,
    "name": "Harmon Harmon",
    "id": 107,
    "year": 2004
  },
  {
    "country": "Japan",
    "lane": 7,
    "heat": 6,
    "secondLeg": 9.682,
    "firstLeg": 10.33,
    "name": "Nobuharu Asahara",
    "id": 108,
    "year": 2004
  },
  {
    "country": "Poland",
    "lane": 3,
    "heat": 6,
    "secondLeg": 9.682,
    "firstLeg": 10.35,
    "name": "Lukasz Chyla",
    "id": 109,
    "year": 2004
  },
  {
    "country": "Ivory Coast",
    "lane": 4,
    "heat": 6,
    "secondLeg": 9.802000000000001,
    "firstLeg": 10.39,
    "name": "Eric Pacome N'Dri",
    "id": 110,
    "year": 2004
  },
  {
    "country": "Trinidad and Tobago",
    "lane": 9,
    "heat": 6,
    "secondLeg": 9.790000000000001,
    "firstLeg": 10.41,
    "name": "Ato Boldon",
    "id": 111,
    "year": 2004
  },
  {
    "country": "France",
    "lane": 6,
    "heat": 6,
    "secondLeg": 10.034,
    "firstLeg": 10.67,
    "name": "Issa Aime Nthepe",
    "id": 112,
    "year": 2004
  },
  {
    "country": "Hungary",
    "lane": 2,
    "heat": 6,
    "secondLeg": 10.155999999999999,
    "firstLeg": 10.68,
    "name": "Gábor Dobos",
    "id": 113,
    "year": 2004
  },
  {
    "country": "Federated States of Micronesia",
    "lane": 8,
    "heat": 6,
    "secondLeg": 10.07,
    "firstLeg": 10.85,
    "name": "John Howard",
    "id": 114,
    "year": 2004
  },
  {
    "country": "Bangladesh",
    "lane": 5,
    "heat": 6,
    "secondLeg": 10.438,
    "firstLeg": 11.13,
    "name": "Mohammad Shamsuddin",
    "id": 115,
    "year": 2004
  },
  {
    "country": "Jamaica",
    "lane": 9,
    "heat": 7,
    "secondLeg": 9.476,
    "firstLeg": 10.06,
    "name": "Asafa Powell",
    "id": 116,
    "year": 2004
  },
  {
    "country": "Great Britain",
    "lane": 5,
    "heat": 7,
    "secondLeg": 9.530000000000001,
    "firstLeg": 10.15,
    "name": "Jason Gardener",
    "id": 117,
    "year": 2004
  },
  {
    "country": "Australia",
    "lane": 4,
    "heat": 7,
    "secondLeg": 9.628,
    "firstLeg": 10.24,
    "name": "Joshua Ross",
    "id": 118,
    "year": 2004
  },
  {
    "country": "Brazil",
    "lane": 1,
    "heat": 7,
    "secondLeg": 9.7,
    "firstLeg": 10.28,
    "name": "André da Silva",
    "id": 119,
    "year": 2004
  },
  {
    "country": "Canada",
    "lane": 8,
    "heat": 7,
    "secondLeg": 9.644,
    "firstLeg": 10.32,
    "name": "Pierre Browne",
    "id": 120,
    "year": 2004
  },
  {
    "country": "Sierra Leone",
    "lane": 7,
    "heat": 7,
    "secondLeg": 10.172,
    "firstLeg": 10.72,
    "name": "Lamin Tucker",
    "id": 121,
    "year": 2004
  },
  {
    "country": "American Samoa",
    "lane": 6,
    "heat": 7,
    "secondLeg": 10.61,
    "firstLeg": 11.25,
    "name": "Kelsey Nakanelua",
    "id": 122,
    "year": 2004
  },
  {
    "country": "Cambodia",
    "lane": 2,
    "heat": 7,
    "secondLeg": 10.66,
    "firstLeg": 11.56,
    "name": "Sopheak Phouk",
    "id": 123,
    "year": 2004
  },
  {
    "country": "United States",
    "lane": 1,
    "heat": 8,
    "secondLeg": 9.612,
    "firstLeg": 10.18,
    "name": "Maurice Greene",
    "id": 124,
    "year": 2004
  },
  {
    "country": "Jamaica",
    "lane": 2,
    "heat": 8,
    "secondLeg": 9.670000000000002,
    "firstLeg": 10.21,
    "name": "Dwight Thomas",
    "id": 125,
    "year": 2004
  },
  {
    "country": "Netherlands Antilles",
    "lane": 8,
    "heat": 8,
    "secondLeg": 9.622,
    "firstLeg": 10.23,
    "name": "Churandy Martina",
    "id": 126,
    "year": 2004
  },
  {
    "country": "Germany",
    "lane": 3,
    "heat": 8,
    "secondLeg": 9.739999999999998,
    "firstLeg": 10.28,
    "name": "Alexander Kosenkow",
    "id": 127,
    "year": 2004
  },
  {
    "country": "Cyprus",
    "lane": 6,
    "heat": 8,
    "secondLeg": 9.784,
    "firstLeg": 10.5,
    "name": "Prodromos Katsantonis",
    "id": 128,
    "year": 2004
  },
  {
    "country": "Hong Kong",
    "lane": 7,
    "heat": 8,
    "secondLeg": 10.072,
    "firstLeg": 10.7,
    "name": "Chiang Wai Hung",
    "id": 129,
    "year": 2004
  },
  {
    "country": "Solomon Islands",
    "lane": 9,
    "heat": 8,
    "secondLeg": 10.478000000000002,
    "firstLeg": 11.05,
    "name": "Francis Manioru",
    "id": 130,
    "year": 2004
  },
  {
    "country": "Azerbaijan",
    "lane": 5,
    "heat": 8,
    "secondLeg": 10.454,
    "firstLeg": 11.17,
    "name": "Teymur Gasimov",
    "id": 131,
    "year": 2004
  },
  {
    "country": "Tonga",
    "lane": 4,
    "heat": 8,
    "secondLeg": 10.456,
    "firstLeg": 11.18,
    "name": "Filipo Muller",
    "id": 132,
    "year": 2004
  },
  {
    "country": "Nigeria",
    "lane": 9,
    "heat": 9,
    "secondLeg": 9.626000000000001,
    "firstLeg": 10.39,
    "name": "Deji Aliu",
    "id": 133,
    "year": 2004
  },
  {
    "country": "Canada",
    "lane": 2,
    "heat": 9,
    "secondLeg": 9.788,
    "firstLeg": 10.4,
    "name": "Nicolas Macrozonaris",
    "id": 134,
    "year": 2004
  },
  {
    "country": "Kazakhstan",
    "lane": 6,
    "heat": 9,
    "secondLeg": 9.85,
    "firstLeg": 10.43,
    "name": "Gennadiy Chernovol",
    "id": 135,
    "year": 2004
  },
  {
    "country": "Benin",
    "lane": 3,
    "heat": 9,
    "secondLeg": 9.812000000000001,
    "firstLeg": 10.48,
    "name": "Souhalia Alamou",
    "id": 136,
    "year": 2004
  },
  {
    "country": "Namibia",
    "lane": 8,
    "heat": 9,
    "secondLeg": 9.898,
    "firstLeg": 10.49,
    "name": "Christie van Wyk",
    "id": 137,
    "year": 2004
  },
  {
    "country": "Antigua and Barbuda",
    "lane": 4,
    "heat": 9,
    "secondLeg": 9.894,
    "firstLeg": 10.51,
    "name": "Daniel Bailey",
    "id": 138,
    "year": 2004
  },
  {
    "country": "San Marino",
    "lane": 7,
    "heat": 9,
    "secondLeg": 10.188,
    "firstLeg": 10.76,
    "name": "Gian Nicola Berardi",
    "id": 139,
    "year": 2004
  },
  {
    "country": "Nicaragua",
    "lane": 5,
    "heat": 9,
    "secondLeg": 10.478,
    "firstLeg": 11.17,
    "name": "Carlos Abaunza",
    "id": 140,
    "year": 2004
  },
  {
    "country": "Saint Kitts and Nevis",
    "lane": 6,
    "heat": 10,
    "secondLeg": 9.494,
    "firstLeg": 10.11,
    "name": "Kim Collins",
    "id": 141,
    "year": 2004
  },
  {
    "country": "Jamaica",
    "lane": 3,
    "heat": 10,
    "secondLeg": 9.556,
    "firstLeg": 10.2,
    "name": "Michael Frater",
    "id": 142,
    "year": 2004
  },
  {
    "country": "Trinidad and Tobago",
    "lane": 4,
    "heat": 10,
    "secondLeg": 9.664000000000001,
    "firstLeg": 10.22,
    "name": "Nicconnor Alexander",
    "id": 143,
    "year": 2004
  },
  {
    "country": "Italy",
    "lane": 7,
    "heat": 10,
    "secondLeg": 9.666,
    "firstLeg": 10.27,
    "name": "Simone Collio",
    "id": 144,
    "year": 2004
  },
  {
    "country": "France",
    "lane": 2,
    "heat": 10,
    "secondLeg": 9.501999999999999,
    "firstLeg": 10.27,
    "name": "Eddy de Lepine",
    "id": 145,
    "year": 2004
  },
  {
    "country": "Bermuda",
    "lane": 8,
    "heat": 10,
    "secondLeg": 9.812000000000001,
    "firstLeg": 10.4,
    "name": "Xavier James",
    "id": 146,
    "year": 2004
  },
  {
    "country": "Monaco",
    "lane": 9,
    "heat": 10,
    "secondLeg": 9.972,
    "firstLeg": 10.58,
    "name": "Sebastien Gattuso",
    "id": 147,
    "year": 2004
  },
  {
    "country": "Gabon",
    "lane": 5,
    "heat": 10,
    "secondLeg": 9.936,
    "firstLeg": 10.76,
    "name": "Wilfried Bingangoye",
    "id": 148,
    "year": 2004
  },
  {
    "country": "United States",
    "lane": 6,
    "heat": 1,
    "secondLeg": 9.492,
    "firstLeg": 10.08,
    "name": "Tyson Gay",
    "id": 149,
    "year": 2012
  },
  {
    "country": "Trinidad and Tobago",
    "lane": 5,
    "heat": 1,
    "secondLeg": 9.536000000000001,
    "firstLeg": 10.14,
    "name": "Richard Thompson",
    "id": 150,
    "year": 2012
  },
  {
    "country": "Zambia",
    "lane": 7,
    "heat": 1,
    "secondLeg": 9.572000000000001,
    "firstLeg": 10.16,
    "name": "Gerald Phiri",
    "id": 151,
    "year": 2012
  },
  {
    "country": "Norway",
    "lane": 3,
    "heat": 1,
    "secondLeg": 9.616,
    "firstLeg": 10.28,
    "name": "Jaysuma Saidy Ndure",
    "id": 152,
    "year": 2012
  },
  {
    "country": "Spain",
    "lane": 4,
    "heat": 1,
    "secondLeg": 9.668,
    "firstLeg": 10.34,
    "name": "Ángel David Rodríguez",
    "id": 153,
    "year": 2012
  },
  {
    "country": "Suriname",
    "lane": 2,
    "heat": 1,
    "secondLeg": 9.854,
    "firstLeg": 10.53,
    "name": "Jurgen Themen",
    "id": 154,
    "year": 2012
  },
  {
    "country": "Colombia",
    "lane": 5,
    "heat": 1,
    "secondLeg": 9.879999999999999,
    "firstLeg": 10.54,
    "name": "Isidro Montoya",
    "id": 155,
    "year": 2012
  },
  {
    "country": "Singapore",
    "lane": 1,
    "heat": 1,
    "secondLeg": 10.113999999999999,
    "firstLeg": 10.69,
    "name": "Yeo Foo Ee Gary",
    "id": 156,
    "year": 2012
  },
  {
    "country": "United States",
    "lane": 4,
    "heat": 2,
    "secondLeg": 9.17,
    "firstLeg": 9.97,
    "name": "Justin Gatlin",
    "id": 157,
    "year": 2012
  },
  {
    "country": "Bahamas",
    "lane": 6,
    "heat": 2,
    "secondLeg": 9.504000000000001,
    "firstLeg": 10.22,
    "name": "Derrick Atkins",
    "id": 158,
    "year": 2012
  },
  {
    "country": "Trinidad and Tobago",
    "lane": 5,
    "heat": 2,
    "secondLeg": 9.638,
    "firstLeg": 10.23,
    "name": "Rondel Sorrillo",
    "id": 159,
    "year": 2012
  },
  {
    "country": "Poland",
    "lane": 8,
    "heat": 2,
    "secondLeg": 9.588000000000001,
    "firstLeg": 10.24,
    "name": "Dariusz Kuc",
    "id": 160,
    "year": 2012
  },
  {
    "country": "Brazil",
    "lane": 9,
    "heat": 2,
    "secondLeg": 9.572,
    "firstLeg": 10.26,
    "name": "Nilson André",
    "id": 161,
    "year": 2012
  },
  {
    "country": "Japan",
    "lane": 7,
    "heat": 2,
    "secondLeg": 9.724,
    "firstLeg": 10.3,
    "name": "Masashi Eriguchi",
    "id": 162,
    "year": 2012
  },
  {
    "country": "Oman",
    "lane": 3,
    "heat": 2,
    "secondLeg": 9.802,
    "firstLeg": 10.41,
    "name": "Barakat Al-Harthi",
    "id": 163,
    "year": 2012
  },
  {
    "country": "Indonesia",
    "lane": 2,
    "heat": 2,
    "secondLeg": 10.252,
    "firstLeg": 10.9,
    "name": "Fernando Lumain",
    "id": 164,
    "year": 2012
  },
  {
    "country": "United States",
    "lane": 7,
    "heat": 3,
    "secondLeg": 9.172,
    "firstLeg": 9.88,
    "name": "Ryan Bailey",
    "id": 165,
    "year": 2012
  },
  {
    "country": "Ivory Coast",
    "lane": 8,
    "heat": 3,
    "secondLeg": 9.364,
    "firstLeg": 10.06,
    "name": "Ben Youssef Meïté",
    "id": 166,
    "year": 2012
  },
  {
    "country": "Canada",
    "lane": 6,
    "heat": 3,
    "secondLeg": 9.494,
    "firstLeg": 10.09,
    "name": "Justyn Warner",
    "id": 167,
    "year": 2012
  },
  {
    "country": "Cayman Islands",
    "lane": 4,
    "heat": 3,
    "secondLeg": 9.56,
    "firstLeg": 10.16,
    "name": "Kemar Hyman",
    "id": 168,
    "year": 2012
  },
  {
    "country": "The Gambia",
    "lane": 9,
    "heat": 3,
    "secondLeg": 9.506,
    "firstLeg": 10.21,
    "name": "Suwaibou Sanneh",
    "id": 169,
    "year": 2012
  },
  {
    "country": "Lithuania",
    "lane": 5,
    "heat": 3,
    "secondLeg": 9.578,
    "firstLeg": 10.29,
    "name": "Rytis Sakalauskas",
    "id": 170,
    "year": 2012
  },
  {
    "country": "Central African Republic",
    "lane": 3,
    "heat": 3,
    "secondLeg": 9.85,
    "firstLeg": 10.53,
    "name": "Béranger Aymard Bosse",
    "id": 171,
    "year": 2012
  },
  {
    "country": "Bolivia",
    "lane": 2,
    "heat": 3,
    "secondLeg": 10.034,
    "firstLeg": 10.65,
    "name": "Artur Bruno Rojas",
    "id": 172,
    "year": 2012
  },
  {
    "country": "Jamaica",
    "lane": 7,
    "heat": 4,
    "secondLeg": 9.378,
    "firstLeg": 10.09,
    "name": "Usain Bolt",
    "id": 173,
    "year": 2012
  },
  {
    "country": "Antigua and Barbuda",
    "lane": 5,
    "heat": 4,
    "secondLeg": 9.472,
    "firstLeg": 10.12,
    "name": "Daniel Bailey",
    "id": 174,
    "year": 2012
  },
  {
    "country": "Great Britain",
    "lane": 6,
    "heat": 4,
    "secondLeg": 9.434000000000001,
    "firstLeg": 10.13,
    "name": "James Dasaolu",
    "id": 175,
    "year": 2012
  },
  {
    "country": "Egypt",
    "lane": 3,
    "heat": 4,
    "secondLeg": 9.564,
    "firstLeg": 10.22,
    "name": "Amr Ibrahim Mostafa Seoud",
    "id": 176,
    "year": 2012
  },
  {
    "country": "Saint Kitts and Nevis",
    "lane": 4,
    "heat": 4,
    "secondLeg": 9.592,
    "firstLeg": 10.3,
    "name": "Jason Rogers",
    "id": 177,
    "year": 2012
  },
  {
    "country": "Nigeria",
    "lane": 8,
    "heat": 4,
    "secondLeg": 9.684000000000001,
    "firstLeg": 10.38,
    "name": "Ogho-Oghene Egwero",
    "id": 178,
    "year": 2012
  },
  {
    "country": "Guinea-Bissau",
    "lane": 2,
    "heat": 4,
    "secondLeg": 9.982000000000001,
    "firstLeg": 10.71,
    "name": "Holder da Silva",
    "id": 179,
    "year": 2012
  },
  {
    "country": "Jamaica",
    "lane": 7,
    "heat": 5,
    "secondLeg": 9.376,
    "firstLeg": 10.04,
    "name": "Asafa Powell",
    "id": 180,
    "year": 2012
  },
  {
    "country": "Great Britain",
    "lane": 4,
    "heat": 5,
    "secondLeg": 9.485999999999999,
    "firstLeg": 10.11,
    "name": "Adam Gemili",
    "id": 181,
    "year": 2012
  },
  {
    "country": "Netherlands",
    "lane": 6,
    "heat": 5,
    "secondLeg": 9.527999999999999,
    "firstLeg": 10.2,
    "name": "Churandy Martina",
    "id": 182,
    "year": 2012
  },
  {
    "country": "Iran",
    "lane": 9,
    "heat": 5,
    "secondLeg": 9.718,
    "firstLeg": 10.31,
    "name": "Reza Ghasemi",
    "id": 183,
    "year": 2012
  },
  {
    "country": "Nigeria",
    "lane": 5,
    "heat": 5,
    "secondLeg": 9.738,
    "firstLeg": 10.35,
    "name": "Obinna Metu",
    "id": 184,
    "year": 2012
  },
  {
    "country": "Barbados",
    "lane": 8,
    "heat": 5,
    "secondLeg": 9.702,
    "firstLeg": 10.35,
    "name": "Ramon Gittens",
    "id": 185,
    "year": 2012
  },
  {
    "country": "Grenada",
    "lane": 2,
    "heat": 5,
    "secondLeg": 9.978,
    "firstLeg": 10.65,
    "name": "Paul Williams",
    "id": 186,
    "year": 2012
  },
  {
    "country": "Congo",
    "lane": 3,
    "heat": 5,
    "secondLeg": 10.312,
    "firstLeg": 10.94,
    "name": "Devilert Arsene Kimbembe",
    "id": 187,
    "year": 2012
  },
  {
    "country": "Jamaica",
    "lane": 5,
    "heat": 6,
    "secondLeg": 9.3,
    "firstLeg": 10,
    "name": "Yohan Blake",
    "id": 188,
    "year": 2012
  },
  {
    "country": "Japan",
    "lane": 7,
    "heat": 6,
    "secondLeg": 9.474,
    "firstLeg": 10.07,
    "name": "Ryota Yamagata",
    "id": 189,
    "year": 2012
  },
  {
    "country": "China",
    "lane": 3,
    "heat": 6,
    "secondLeg": 9.542,
    "firstLeg": 10.19,
    "name": "Su Bingtian",
    "id": 190,
    "year": 2012
  },
  {
    "country": "Saint Kitts and Nevis",
    "lane": 6,
    "heat": 6,
    "secondLeg": 9.604000000000001,
    "firstLeg": 10.22,
    "name": "Antoine Adams",
    "id": 191,
    "year": 2012
  },
  {
    "country": "Nigeria",
    "lane": 9,
    "heat": 6,
    "secondLeg": 9.608,
    "firstLeg": 10.22,
    "name": "Peter Emelieze",
    "id": 192,
    "year": 2012
  },
  {
    "country": "Guyana",
    "lane": 8,
    "heat": 6,
    "secondLeg": 9.77,
    "firstLeg": 10.31,
    "name": "Jeremy Bascom",
    "id": 193,
    "year": 2012
  },
  {
    "country": "Estonia",
    "lane": 4,
    "heat": 6,
    "secondLeg": 9.768,
    "firstLeg": 10.4,
    "name": "Marek Niit",
    "id": 194,
    "year": 2012
  },
  {
    "country": "Maldives",
    "lane": 2,
    "heat": 6,
    "secondLeg": 10.212,
    "firstLeg": 10.84,
    "name": "Azneem Ahmed",
    "id": 195,
    "year": 2012
  },
  {
    "country": "Great Britain",
    "lane": 9,
    "heat": 7,
    "secondLeg": 9.392,
    "firstLeg": 10.02,
    "name": "Dwain Chambers",
    "id": 196,
    "year": 2012
  },
  {
    "country": "France",
    "lane": 6,
    "heat": 7,
    "secondLeg": 9.325999999999999,
    "firstLeg": 10.11,
    "name": "Jimmy Vicaut",
    "id": 197,
    "year": 2012
  },
  {
    "country": "Trinidad and Tobago",
    "lane": 5,
    "heat": 7,
    "secondLeg": 9.350000000000001,
    "firstLeg": 10.13,
    "name": "Keston Bledman",
    "id": 198,
    "year": 2012
  },
  {
    "country": "Bahamas",
    "lane": 7,
    "heat": 7,
    "secondLeg": 9.586,
    "firstLeg": 10.27,
    "name": "Warren Fraser",
    "id": 199,
    "year": 2012
  },
  {
    "country": "Puerto Rico",
    "lane": 8,
    "heat": 7,
    "secondLeg": 9.73,
    "firstLeg": 10.31,
    "name": "Miguel López",
    "id": 200,
    "year": 2012
  },
  {
    "country": "Burkina Faso",
    "lane": 2,
    "heat": 7,
    "secondLeg": 9.736,
    "firstLeg": 10.48,
    "name": "Gérard Kobéané",
    "id": 201,
    "year": 2012
  },
  {
    "country": "Mauritius",
    "lane": 3,
    "heat": 7,
    "secondLeg": 9.93,
    "firstLeg": 10.59,
    "name": "Fabrice Coiffic",
    "id": 202,
    "year": 2012
  },
  {
    "country": "Jamaica",
    "lane": 3,
    "heat": 1,
    "secondLeg": 9.456,
    "firstLeg": 10.2,
    "name": "Usain Bolt",
    "id": 203,
    "year": 2008
  },
  {
    "country": "Antigua and Barbuda",
    "lane": 9,
    "heat": 1,
    "secondLeg": 9.448,
    "firstLeg": 10.24,
    "name": "Daniel Bailey",
    "id": 204,
    "year": 2008
  },
  {
    "country": "Brazil",
    "lane": 6,
    "heat": 1,
    "secondLeg": 9.588,
    "firstLeg": 10.26,
    "name": "Vicente de Lima",
    "id": 205,
    "year": 2008
  },
  {
    "country": "Cuba",
    "lane": 2,
    "heat": 1,
    "secondLeg": 9.652,
    "firstLeg": 10.28,
    "name": "Henry Vizcaíno",
    "id": 206,
    "year": 2008
  },
  {
    "country": "Italy",
    "lane": 4,
    "heat": 1,
    "secondLeg": 9.946,
    "firstLeg": 10.49,
    "name": "Fabio Cerutti",
    "id": 207,
    "year": 2008
  },
  {
    "country": "Suriname",
    "lane": 5,
    "heat": 1,
    "secondLeg": 9.894,
    "firstLeg": 10.61,
    "name": "Jurgen Themen",
    "id": 208,
    "year": 2008
  },
  {
    "country": "Vanuatu",
    "lane": 8,
    "heat": 1,
    "secondLeg": 10.086,
    "firstLeg": 10.81,
    "name": "Moses Kamut",
    "id": 209,
    "year": 2008
  },
  {
    "country": "Solomon Islands",
    "lane": 7,
    "heat": 1,
    "secondLeg": 10.302,
    "firstLeg": 11.09,
    "name": "Francis Manioru",
    "id": 210,
    "year": 2008
  },
  {
    "country": "Jamaica",
    "lane": 5,
    "heat": 2,
    "secondLeg": 9.592,
    "firstLeg": 10.16,
    "name": "Asafa Powell",
    "id": 211,
    "year": 2008
  },
  {
    "country": "Saint Kitts and Nevis",
    "lane": 3,
    "heat": 2,
    "secondLeg": 9.522,
    "firstLeg": 10.17,
    "name": "Kim Collins",
    "id": 212,
    "year": 2008
  },
  {
    "country": "Great Britain",
    "lane": 7,
    "heat": 2,
    "secondLeg": 9.514000000000001,
    "firstLeg": 10.21,
    "name": "Craig Pickering",
    "id": 213,
    "year": 2008
  },
  {
    "country": "Colombia",
    "lane": 2,
    "heat": 2,
    "secondLeg": 9.638,
    "firstLeg": 10.35,
    "name": "Daniel Grueso",
    "id": 214,
    "year": 2008
  },
  {
    "country": "Poland",
    "lane": 9,
    "heat": 2,
    "secondLeg": 9.863999999999999,
    "firstLeg": 10.44,
    "name": "Dariusz Kuc",
    "id": 215,
    "year": 2008
  },
  {
    "country": "Central African Republic",
    "lane": 8,
    "heat": 2,
    "secondLeg": 9.934,
    "firstLeg": 10.51,
    "name": "Béranger Bosse",
    "id": 216,
    "year": 2008
  },
  {
    "country": "Tonga",
    "lane": 6,
    "heat": 2,
    "secondLeg": 10.534,
    "firstLeg": 11.17,
    "name": "Aisea Tohi",
    "id": 217,
    "year": 2008
  },
  {
    "country": "Marshall Islands",
    "lane": 4,
    "heat": 2,
    "secondLeg": 10.42,
    "firstLeg": 11.18,
    "name": "Roman William Cress",
    "id": 218,
    "year": 2008
  },
  {
    "country": "Trinidad and Tobago",
    "lane": 8,
    "heat": 3,
    "secondLeg": 9.488,
    "firstLeg": 10.24,
    "name": "Richard Thompson",
    "id": 219,
    "year": 2008
  },
  {
    "country": "France",
    "lane": 5,
    "heat": 3,
    "secondLeg": 9.612,
    "firstLeg": 10.26,
    "name": "Martial Mbandjock",
    "id": 220,
    "year": 2008
  },
  {
    "country": "Italy",
    "lane": 4,
    "heat": 3,
    "secondLeg": 9.76,
    "firstLeg": 10.32,
    "name": "Simone Collio",
    "id": 221,
    "year": 2008
  },
  {
    "country": "Ghana",
    "lane": 2,
    "heat": 3,
    "secondLeg": 9.632,
    "firstLeg": 10.34,
    "name": "Aziz Zakari",
    "id": 222,
    "year": 2008
  },
  {
    "country": "Barbados",
    "lane": 6,
    "heat": 3,
    "secondLeg": 9.79,
    "firstLeg": 10.35,
    "name": "Andrew Hinds",
    "id": 223,
    "year": 2008
  },
  {
    "country": "Indonesia",
    "lane": 3,
    "heat": 3,
    "secondLeg": 9.760000000000002,
    "firstLeg": 10.46,
    "name": "Suryo Agung Wibowo",
    "id": 224,
    "year": 2008
  },
  {
    "country": "Saint Vincent and the Grenadines",
    "lane": 7,
    "heat": 3,
    "secondLeg": 10.508,
    "firstLeg": 11,
    "name": "Jared Lewis",
    "id": 225,
    "year": 2008
  },
  {
    "country": "Kiribati",
    "lane": 9,
    "heat": 3,
    "secondLeg": 10.681999999999999,
    "firstLeg": 11.29,
    "name": "Rabangaki Nawai",
    "id": 226,
    "year": 2008
  },
  {
    "country": "Jamaica",
    "lane": 3,
    "heat": 4,
    "secondLeg": 9.526,
    "firstLeg": 10.15,
    "name": "Michael Frater",
    "id": 227,
    "year": 2008
  },
  {
    "country": "Canada",
    "lane": 4,
    "heat": 4,
    "secondLeg": 9.656,
    "firstLeg": 10.22,
    "name": "Pierre Browne",
    "id": 228,
    "year": 2008
  },
  {
    "country": "Trinidad and Tobago",
    "lane": 6,
    "heat": 4,
    "secondLeg": 9.664000000000001,
    "firstLeg": 10.22,
    "name": "Darrel Brown",
    "id": 229,
    "year": 2008
  },
  {
    "country": "Japan",
    "lane": 7,
    "heat": 4,
    "secondLeg": 9.61,
    "firstLeg": 10.25,
    "name": "Nobuharu Asahara",
    "id": 230,
    "year": 2008
  },
  {
    "country": "Guinea-Bissau",
    "lane": 9,
    "heat": 4,
    "secondLeg": 9.844,
    "firstLeg": 10.58,
    "name": "Holder da Silva",
    "id": 231,
    "year": 2008
  },
  {
    "country": "Burkina Faso",
    "lane": 2,
    "heat": 4,
    "secondLeg": 9.946000000000002,
    "firstLeg": 10.63,
    "name": "Idrissa Sanou",
    "id": 232,
    "year": 2008
  },
  {
    "country": "Congo",
    "lane": 8,
    "heat": 4,
    "secondLeg": 10.322,
    "firstLeg": 11.01,
    "name": "Ghyd-Kermeliss-Holly Olonghot",
    "id": 233,
    "year": 2008
  },
  {
    "country": "Afghanistan",
    "lane": 5,
    "heat": 4,
    "secondLeg": 10.809999999999999,
    "firstLeg": 11.45,
    "name": "Massoud Azizi",
    "id": 234,
    "year": 2008
  },
  {
    "country": "United States",
    "lane": 2,
    "heat": 5,
    "secondLeg": 9.628,
    "firstLeg": 10.22,
    "name": "Tyson Gay",
    "id": 235,
    "year": 2008
  },
  {
    "country": "Nigeria",
    "lane": 5,
    "heat": 5,
    "secondLeg": 9.665999999999999,
    "firstLeg": 10.29,
    "name": "Olusoji A. Fasuba",
    "id": 236,
    "year": 2008
  },
  {
    "country": "Brazil",
    "lane": 4,
    "heat": 5,
    "secondLeg": 9.521999999999998,
    "firstLeg": 10.29,
    "name": "José Carlos Moreira",
    "id": 237,
    "year": 2008
  },
  {
    "country": "Spain",
    "lane": 7,
    "heat": 5,
    "secondLeg": 9.76,
    "firstLeg": 10.34,
    "name": "Ángel David Rodríguez",
    "id": 238,
    "year": 2008
  },
  {
    "country": "Czech Republic",
    "lane": 9,
    "heat": 5,
    "secondLeg": 9.94,
    "firstLeg": 10.52,
    "name": "Lukas Milo",
    "id": 239,
    "year": 2008
  },
  {
    "country": "Comoros",
    "lane": 8,
    "heat": 5,
    "secondLeg": 9.94,
    "firstLeg": 10.62,
    "name": "Mhadjou Youssouf",
    "id": 240,
    "year": 2008
  },
  {
    "country": "Seychelles",
    "lane": 3,
    "heat": 5,
    "secondLeg": 10.28,
    "firstLeg": 11,
    "name": "Danny D'Souza",
    "id": 241,
    "year": 2008
  },
  {
    "country": "American Samoa",
    "lane": 6,
    "heat": 5,
    "secondLeg": 11.968,
    "firstLeg": 12.6,
    "name": "Shanahan Sanitoa",
    "id": 242,
    "year": 2008
  },
  {
    "country": "Great Britain",
    "lane": 5,
    "heat": 6,
    "secondLeg": 9.578000000000001,
    "firstLeg": 10.13,
    "name": "Tyrone Edgar",
    "id": 243,
    "year": 2008
  },
  {
    "country": "United States",
    "lane": 6,
    "heat": 6,
    "secondLeg": 9.654,
    "firstLeg": 10.25,
    "name": "Darvis Patton",
    "id": 244,
    "year": 2008
  },
  {
    "country": "France",
    "lane": 7,
    "heat": 6,
    "secondLeg": 9.592,
    "firstLeg": 10.26,
    "name": "Ronald Pognon",
    "id": 245,
    "year": 2008
  },
  {
    "country": "China",
    "lane": 2,
    "heat": 6,
    "secondLeg": 9.782,
    "firstLeg": 10.39,
    "name": "Hu Kai",
    "id": 246,
    "year": 2008
  },
  {
    "country": "Oman",
    "lane": 4,
    "heat": 6,
    "secondLeg": 9.918,
    "firstLeg": 10.53,
    "name": "Abdullah Al-Sooli",
    "id": 247,
    "year": 2008
  },
  {
    "country": "Bulgaria",
    "lane": 8,
    "heat": 6,
    "secondLeg": 10.052,
    "firstLeg": 10.66,
    "name": "Desislav Gunev",
    "id": 248,
    "year": 2008
  },
  {
    "country": "Maldives",
    "lane": 3,
    "heat": 6,
    "secondLeg": 10.426,
    "firstLeg": 11.11,
    "name": "Ali Shareef",
    "id": 249,
    "year": 2008
  },
  {
    "country": "Laos",
    "lane": 9,
    "heat": 6,
    "secondLeg": 10.778,
    "firstLeg": 11.51,
    "name": "Souksavanh Tonsacktheva",
    "id": 250,
    "year": 2008
  },
  {
    "country": "Portugal",
    "lane": 4,
    "heat": 7,
    "secondLeg": 9.49,
    "firstLeg": 10.25,
    "name": "Francis Obikwelu",
    "id": 251,
    "year": 2008
  },
  {
    "country": "Nigeria",
    "lane": 2,
    "heat": 7,
    "secondLeg": 9.636,
    "firstLeg": 10.34,
    "name": "Obinna Metu",
    "id": 252,
    "year": 2008
  },
  {
    "country": "United States",
    "lane": 5,
    "heat": 7,
    "secondLeg": 9.682,
    "firstLeg": 10.35,
    "name": "Walter Dix",
    "id": 253,
    "year": 2008
  },
  {
    "country": "Canada",
    "lane": 6,
    "heat": 7,
    "secondLeg": 9.818,
    "firstLeg": 10.37,
    "name": "Anson Henry",
    "id": 254,
    "year": 2008
  },
  {
    "country": "Ukraine",
    "lane": 8,
    "heat": 7,
    "secondLeg": 9.77,
    "firstLeg": 10.57,
    "name": "Dmytro Hlushchenko",
    "id": 255,
    "year": 2008
  },
  {
    "country": "Singapore",
    "lane": 3,
    "heat": 7,
    "secondLeg": 10.17,
    "firstLeg": 10.73,
    "name": "Calvin Kang Li Loong",
    "id": 256,
    "year": 2008
  },
  {
    "country": "Palau",
    "lane": 9,
    "heat": 7,
    "secondLeg": 10.796000000000001,
    "firstLeg": 11.38,
    "name": "Jesse Tamangrow",
    "id": 257,
    "year": 2008
  },
  {
    "country": "Equatorial Guinea",
    "lane": 7,
    "heat": 7,
    "secondLeg": 10.642,
    "firstLeg": 11.61,
    "name": "Reginaldo Micha Ndong",
    "id": 258,
    "year": 2008
  },
  {
    "country": "Bahamas",
    "lane": 3,
    "heat": 8,
    "secondLeg": 9.632,
    "firstLeg": 10.28,
    "name": "Derrick Atkins",
    "id": 259,
    "year": 2008
  },
  {
    "country": "Russia",
    "lane": 4,
    "heat": 8,
    "secondLeg": 9.652,
    "firstLeg": 10.34,
    "name": "Andrey Yepishin",
    "id": 260,
    "year": 2008
  },
  {
    "country": "Norway",
    "lane": 9,
    "heat": 8,
    "secondLeg": 9.713999999999999,
    "firstLeg": 10.37,
    "name": "Jaysuma Saidy Ndure",
    "id": 261,
    "year": 2008
  },
  {
    "country": "Nigeria",
    "lane": 6,
    "heat": 8,
    "secondLeg": 9.692,
    "firstLeg": 10.46,
    "name": "Uchenna Emedolu",
    "id": 262,
    "year": 2008
  },
  {
    "country": "The Gambia",
    "lane": 2,
    "heat": 8,
    "secondLeg": 9.892,
    "firstLeg": 10.52,
    "name": "Suwaibou Sanneh",
    "id": 263,
    "year": 2008
  },
  {
    "country": "Brazil",
    "lane": 5,
    "heat": 8,
    "secondLeg": 9.959999999999999,
    "firstLeg": 10.6,
    "name": "Sandro Viana",
    "id": 264,
    "year": 2008
  },
  {
    "country": "Hong Kong",
    "lane": 7,
    "heat": 8,
    "secondLeg": 9.834000000000001,
    "firstLeg": 10.63,
    "name": "Lai Chun Ho",
    "id": 265,
    "year": 2008
  },
  {
    "country": "Bangladesh",
    "lane": 8,
    "heat": 8,
    "secondLeg": 10.374,
    "firstLeg": 11.07,
    "name": "Mohamed Abu Abdullah",
    "id": 266,
    "year": 2008
  },
  {
    "country": "Trinidad and Tobago",
    "lane": 5,
    "heat": 9,
    "secondLeg": 9.82,
    "firstLeg": 10.46,
    "name": "Marc Burns",
    "id": 267,
    "year": 2008
  },
  {
    "country": "Slovenia",
    "lane": 9,
    "heat": 9,
    "secondLeg": 9.712000000000002,
    "firstLeg": 10.46,
    "name": "Matic Osovnikar",
    "id": 268,
    "year": 2008
  },
  {
    "country": "Honduras",
    "lane": 7,
    "heat": 9,
    "secondLeg": 9.734,
    "firstLeg": 10.49,
    "name": "Rolando Palacios",
    "id": 269,
    "year": 2008
  },
  {
    "country": "Azerbaijan",
    "lane": 2,
    "heat": 9,
    "secondLeg": 9.964,
    "firstLeg": 10.58,
    "name": "Ruslan Abbasov",
    "id": 270,
    "year": 2008
  },
  {
    "country": "Monaco",
    "lane": 4,
    "heat": 9,
    "secondLeg": 10.043999999999999,
    "firstLeg": 10.7,
    "name": "Sébastien Gattuso",
    "id": 271,
    "year": 2008
  },
  {
    "country": "Federated States of Micronesia",
    "lane": 8,
    "heat": 9,
    "secondLeg": 10.213999999999999,
    "firstLeg": 11.03,
    "name": "Jack Howard",
    "id": 272,
    "year": 2008
  },
  {
    "country": "Cook Islands",
    "lane": 3,
    "heat": 9,
    "secondLeg": 10.554,
    "firstLeg": 11.41,
    "name": "Gordon Heather",
    "id": 273,
    "year": 2008
  },
  {
    "country": "Netherlands Antilles",
    "lane": 4,
    "heat": 10,
    "secondLeg": 9.693999999999999,
    "firstLeg": 10.35,
    "name": "Churandy Martina",
    "id": 274,
    "year": 2008
  },
  {
    "country": "Japan",
    "lane": 5,
    "heat": 10,
    "secondLeg": 9.714,
    "firstLeg": 10.39,
    "name": "Naoki Tsukahara",
    "id": 275,
    "year": 2008
  },
  {
    "country": "Great Britain",
    "lane": 6,
    "heat": 10,
    "secondLeg": 9.688,
    "firstLeg": 10.42,
    "name": "Simeon Williamson",
    "id": 276,
    "year": 2008
  },
  {
    "country": "Germany",
    "lane": 9,
    "heat": 10,
    "secondLeg": 9.816,
    "firstLeg": 10.46,
    "name": "Tobias Unger",
    "id": 277,
    "year": 2008
  },
  {
    "country": "Ecuador",
    "lane": 8,
    "heat": 10,
    "secondLeg": 9.888,
    "firstLeg": 10.6,
    "name": "Franklin Nazareno",
    "id": 278,
    "year": 2008
  },
  {
    "country": "Gabon",
    "lane": 7,
    "heat": 10,
    "secondLeg": 10.186,
    "firstLeg": 10.87,
    "name": "Wilfried Bingangoye",
    "id": 279,
    "year": 2008
  },
  {
    "country": "Chad",
    "lane": 2,
    "heat": 10,
    "secondLeg": 10.3,
    "firstLeg": 11.14,
    "name": "Moumi Sebergue",
    "id": 280,
    "year": 2008
  },
  {
    "country": "Tuvalu",
    "lane": 3,
    "heat": 10,
    "secondLeg": 10.784,
    "firstLeg": 11.48,
    "name": "Okilani Tinilau",
    "id": 281,
    "year": 2008
  },
  {
    "country": "Ghana",
    "lane": 9,
    "heat": 1,
    "secondLeg": 9.042,
    "firstLeg": 10.31,
    "name": "Aziz Zakari",
    "id": 282,
    "year": 2000
  },
  {
    "country": "Australia",
    "lane": 3,
    "heat": 1,
    "secondLeg": 9.702,
    "firstLeg": 10.31,
    "name": "Patrick Johnson",
    "id": 283,
    "year": 2000
  },
  {
    "country": "Spain",
    "lane": 8,
    "heat": 1,
    "secondLeg": 9.684,
    "firstLeg": 10.36,
    "name": "Venancio Jose",
    "id": 284,
    "year": 2000
  },
  {
    "country": "Austria",
    "lane": 5,
    "heat": 1,
    "secondLeg": 9.81,
    "firstLeg": 10.41,
    "name": "Martin Lachkovics",
    "id": 285,
    "year": 2000
  },
  {
    "country": "Canada",
    "lane": 6,
    "heat": 1,
    "secondLeg": 9.693999999999999,
    "firstLeg": 10.45,
    "name": "Nicolas Macrozonaris",
    "id": 286,
    "year": 2000
  },
  {
    "country": "Saudi Arabia",
    "lane": 2,
    "heat": 1,
    "secondLeg": 9.879999999999999,
    "firstLeg": 10.54,
    "name": "Jamal Al-Saffar",
    "id": 287,
    "year": 2000
  },
  {
    "country": "Vietnam",
    "lane": 7,
    "heat": 1,
    "secondLeg": 9.87,
    "firstLeg": 10.85,
    "name": "Luong Tích Thi?n",
    "id": 288,
    "year": 2000
  },
  {
    "country": "The Gambia",
    "lane": 1,
    "heat": 1,
    "secondLeg": 10.338,
    "firstLeg": 11.03,
    "name": "Pa Modou Gai",
    "id": 289,
    "year": 2000
  },
  {
    "country": "Malta",
    "lane": 4,
    "heat": 1,
    "secondLeg": 10.432,
    "firstLeg": 11.06,
    "name": "Mario Bonello",
    "id": 290,
    "year": 2000
  },
  {
    "country": "Poland",
    "lane": 9,
    "heat": 2,
    "secondLeg": 9.613999999999999,
    "firstLeg": 10.27,
    "name": "Marcin Nowak",
    "id": 291,
    "year": 2000
  },
  {
    "country": "Nigeria",
    "lane": 3,
    "heat": 2,
    "secondLeg": 9.702,
    "firstLeg": 10.31,
    "name": "Sunday Emmanuel",
    "id": 292,
    "year": 2000
  },
  {
    "country": "Cuba",
    "lane": 5,
    "heat": 2,
    "secondLeg": 9.71,
    "firstLeg": 10.33,
    "name": "Freddy Mayola",
    "id": 293,
    "year": 2000
  },
  {
    "country": "Liberia",
    "lane": 6,
    "heat": 2,
    "secondLeg": 9.658,
    "firstLeg": 10.33,
    "name": "Sayon Cooper",
    "id": 294,
    "year": 2000
  },
  {
    "country": "France",
    "lane": 4,
    "heat": 2,
    "secondLeg": 9.348,
    "firstLeg": 10.38,
    "name": "David Patros",
    "id": 295,
    "year": 2000
  },
  {
    "country": "Hong Kong",
    "lane": 2,
    "heat": 2,
    "secondLeg": 9.84,
    "firstLeg": 10.64,
    "name": "Chiang Wai Hung",
    "id": 296,
    "year": 2000
  },
  {
    "country": "Azerbaijan",
    "lane": 1,
    "heat": 2,
    "secondLeg": 10.062000000000001,
    "firstLeg": 10.97,
    "name": "Teymur Qasımov",
    "id": 297,
    "year": 2000
  },
  {
    "country": "Brunei",
    "lane": 7,
    "heat": 2,
    "secondLeg": 10.074,
    "firstLeg": 11.11,
    "name": "Haseri Asli",
    "id": 298,
    "year": 2000
  },
  {
    "country": "Laos",
    "lane": 8,
    "heat": 2,
    "secondLeg": 10.586,
    "firstLeg": 11.47,
    "name": "Sisomphone Vongphakdy",
    "id": 299,
    "year": 2000
  },
  {
    "country": "United States",
    "lane": 1,
    "heat": 3,
    "secondLeg": 9.524000000000001,
    "firstLeg": 10.3,
    "name": "Curtis Johnson",
    "id": 300,
    "year": 2000
  },
  {
    "country": "Brazil",
    "lane": 9,
    "heat": 3,
    "secondLeg": 9.674000000000001,
    "firstLeg": 10.31,
    "name": "Vicente de Lima",
    "id": 301,
    "year": 2000
  },
  {
    "country": "Greece",
    "lane": 2,
    "heat": 3,
    "secondLeg": 9.664,
    "firstLeg": 10.34,
    "name": "Georgios Theodoridis",
    "id": 302,
    "year": 2000
  },
  {
    "country": "Canada",
    "lane": 6,
    "heat": 3,
    "secondLeg": 9.618,
    "firstLeg": 10.41,
    "name": "Bruny Surin",
    "id": 303,
    "year": 2000
  },
  {
    "country": "Bahamas",
    "lane": 8,
    "heat": 3,
    "secondLeg": 9.462,
    "firstLeg": 10.47,
    "name": "Renward Wells",
    "id": 304,
    "year": 2000
  },
  {
    "country": "Croatia",
    "lane": 5,
    "heat": 3,
    "secondLeg": 9.943999999999999,
    "firstLeg": 10.5,
    "name": "Dejan Vojnovic",
    "id": 305,
    "year": 2000
  },
  {
    "country": "Finland",
    "lane": 4,
    "heat": 3,
    "secondLeg": 9.59,
    "firstLeg": 10.53,
    "name": "Tommi Hartonen",
    "id": 306,
    "year": 2000
  },
  {
    "country": "Nigeria",
    "lane": 3,
    "heat": 3,
    "secondLeg": 9.948,
    "firstLeg": 10.72,
    "name": "Seun Ogunkoya",
    "id": 307,
    "year": 2000
  },
  {
    "country": "Barbados",
    "lane": 2,
    "heat": 4,
    "secondLeg": 9.274000000000001,
    "firstLeg": 10.23,
    "name": "Obadele Thompson",
    "id": 308,
    "year": 2000
  },
  {
    "country": "Nigeria",
    "lane": 5,
    "heat": 4,
    "secondLeg": 9.494,
    "firstLeg": 10.35,
    "name": "Deji Aliu",
    "id": 309,
    "year": 2000
  },
  {
    "country": "Japan",
    "lane": 7,
    "heat": 4,
    "secondLeg": 9.714,
    "firstLeg": 10.39,
    "name": "Shingo Kawabata",
    "id": 310,
    "year": 2000
  },
  {
    "country": "Italy",
    "lane": 6,
    "heat": 4,
    "secondLeg": 9.564,
    "firstLeg": 10.4,
    "name": "Stefano Tilli",
    "id": 311,
    "year": 2000
  },
  {
    "country": "Brazil",
    "lane": 8,
    "heat": 4,
    "secondLeg": 9.724,
    "firstLeg": 10.44,
    "name": "Raphael Oliveira",
    "id": 312,
    "year": 2000
  },
  {
    "country": "Ireland",
    "lane": 4,
    "heat": 4,
    "secondLeg": 9.799999999999999,
    "firstLeg": 10.62,
    "name": "Paul Brizzell",
    "id": 313,
    "year": 2000
  },
  {
    "country": "Bulgaria",
    "lane": 3,
    "heat": 4,
    "secondLeg": 9.722000000000001,
    "firstLeg": 10.63,
    "name": "Petko Yankov",
    "id": 314,
    "year": 2000
  },
  {
    "country": "Palau",
    "lane": 9,
    "heat": 4,
    "secondLeg": 10.422,
    "firstLeg": 11.01,
    "name": "Christopher Adolf",
    "id": 315,
    "year": 2000
  },
  {
    "country": "Tonga",
    "lane": 1,
    "heat": 4,
    "secondLeg": 10.15,
    "firstLeg": 11.01,
    "name": "Toluta'u Koula",
    "id": 316,
    "year": 2000
  },
  {
    "country": "Great Britain",
    "lane": 1,
    "heat": 5,
    "secondLeg": 9.383999999999999,
    "firstLeg": 10.28,
    "name": "Darren Campbell",
    "id": 317,
    "year": 2000
  },
  {
    "country": "Cameroon",
    "lane": 7,
    "heat": 5,
    "secondLeg": 9.549999999999999,
    "firstLeg": 10.35,
    "name": "Serge Bengono II",
    "id": 318,
    "year": 2000
  },
  {
    "country": "Poland",
    "lane": 5,
    "heat": 5,
    "secondLeg": 9.836,
    "firstLeg": 10.42,
    "name": "Piotr Balcerzak",
    "id": 319,
    "year": 2000
  },
  {
    "country": "Israel",
    "lane": 9,
    "heat": 5,
    "secondLeg": 9.602,
    "firstLeg": 10.43,
    "name": "Tommy Kafri",
    "id": 320,
    "year": 2000
  },
  {
    "country": "Ghana",
    "lane": 2,
    "heat": 5,
    "secondLeg": 9.824,
    "firstLeg": 10.44,
    "name": "Christian Nsiah",
    "id": 321,
    "year": 2000
  },
  {
    "country": "Italy",
    "lane": 3,
    "heat": 5,
    "secondLeg": 9.892,
    "firstLeg": 10.5,
    "name": "Francesco Scuderi",
    "id": 322,
    "year": 2000
  },
  {
    "country": "Burkina Faso",
    "lane": 4,
    "heat": 5,
    "secondLeg": 9.664,
    "firstLeg": 10.6,
    "name": "Idrissa Sanou",
    "id": 323,
    "year": 2000
  },
  {
    "country": "Mali",
    "lane": 8,
    "heat": 5,
    "secondLeg": 9.948,
    "firstLeg": 10.82,
    "name": "Youssouf Simpara",
    "id": 324,
    "year": 2000
  },
  {
    "country": "United States",
    "lane": 3,
    "heat": 6,
    "secondLeg": 9.530000000000001,
    "firstLeg": 10.31,
    "name": "Maurice Greene",
    "id": 325,
    "year": 2000
  },
  {
    "country": "Saint Kitts and Nevis",
    "lane": 5,
    "heat": 6,
    "secondLeg": 9.43,
    "firstLeg": 10.39,
    "name": "Kim Collins",
    "id": 326,
    "year": 2000
  },
  {
    "country": "Cameroon",
    "lane": 8,
    "heat": 6,
    "secondLeg": 9.681999999999999,
    "firstLeg": 10.45,
    "name": "Joseph Batangdon",
    "id": 327,
    "year": 2000
  },
  {
    "country": "Italy",
    "lane": 9,
    "heat": 6,
    "secondLeg": 9.463999999999999,
    "firstLeg": 10.52,
    "name": "Andrea Colombo",
    "id": 328,
    "year": 2000
  },
  {
    "country": "Malaysia",
    "lane": 7,
    "heat": 6,
    "secondLeg": 9.91,
    "firstLeg": 10.61,
    "name": "Watson Nyambek",
    "id": 329,
    "year": 2000
  },
  {
    "country": "Indonesia",
    "lane": 4,
    "heat": 6,
    "secondLeg": 9.959999999999999,
    "firstLeg": 10.68,
    "name": "John Muray",
    "id": 330,
    "year": 2000
  },
  {
    "country": "Cook Islands",
    "lane": 2,
    "heat": 6,
    "secondLeg": 10.540000000000001,
    "firstLeg": 11.22,
    "name": "Teina Teiti",
    "id": 331,
    "year": 2000
  },
  {
    "country": "Mauritius",
    "lane": 2,
    "heat": 7,
    "secondLeg": 9.478,
    "firstLeg": 10.35,
    "name": "Stéphan Buckland",
    "id": 332,
    "year": 2000
  },
  {
    "country": "Great Britain",
    "lane": 1,
    "heat": 7,
    "secondLeg": 9.696000000000002,
    "firstLeg": 10.38,
    "name": "Dwain Chambers",
    "id": 333,
    "year": 2000
  },
  {
    "country": "Canada",
    "lane": 6,
    "heat": 7,
    "secondLeg": 9.450000000000001,
    "firstLeg": 10.39,
    "name": "Donovan Bailey",
    "id": 334,
    "year": 2000
  },
  {
    "country": "Germany",
    "lane": 7,
    "heat": 7,
    "secondLeg": 9.588,
    "firstLeg": 10.42,
    "name": "Marc Blume",
    "id": 335,
    "year": 2000
  },
  {
    "country": "Australia",
    "lane": 9,
    "heat": 7,
    "secondLeg": 9.596,
    "firstLeg": 10.52,
    "name": "Paul di Bella",
    "id": 336,
    "year": 2000
  },
  {
    "country": "El Salvador",
    "lane": 4,
    "heat": 7,
    "secondLeg": 9.958,
    "firstLeg": 10.63,
    "name": "Edgardo Antonio Serpas",
    "id": 337,
    "year": 2000
  },
  {
    "country": "Comoros",
    "lane": 3,
    "heat": 7,
    "secondLeg": 9.68,
    "firstLeg": 10.68,
    "name": "Hadhari Saindou Djaffar",
    "id": 338,
    "year": 2000
  },
  {
    "country": "American Samoa",
    "lane": 5,
    "heat": 7,
    "secondLeg": 9.95,
    "firstLeg": 10.93,
    "name": "Kelsey Nakanelua",
    "id": 339,
    "year": 2000
  },
  {
    "country": "Madagascar",
    "lane": 8,
    "heat": 7,
    "secondLeg": 11.66,
    "firstLeg": 12.5,
    "name": "Jean Randriamamitiana",
    "id": 340,
    "year": 2000
  },
  {
    "country": "Trinidad and Tobago",
    "lane": 9,
    "heat": 8,
    "secondLeg": 9.36,
    "firstLeg": 10.04,
    "name": "Ato Boldon",
    "id": 341,
    "year": 2000
  },
  {
    "country": "Gabon",
    "lane": 1,
    "heat": 8,
    "secondLeg": 9.422,
    "firstLeg": 10.13,
    "name": "Antoine Boussombo",
    "id": 342,
    "year": 2000
  },
  {
    "country": "Ghana",
    "lane": 2,
    "heat": 8,
    "secondLeg": 9.378,
    "firstLeg": 10.15,
    "name": "Leo Myles-Mills",
    "id": 343,
    "year": 2000
  },
  {
    "country": "Ivory Coast",
    "lane": 3,
    "heat": 8,
    "secondLeg": 9.476,
    "firstLeg": 10.24,
    "name": "Ibrahim Meité",
    "id": 344,
    "year": 2000
  },
  {
    "country": "Brazil",
    "lane": 6,
    "heat": 8,
    "secondLeg": 9.422,
    "firstLeg": 10.31,
    "name": "Claudio Sousa",
    "id": 345,
    "year": 2000
  },
  {
    "country": "Cyprus",
    "lane": 8,
    "heat": 8,
    "secondLeg": 9.208,
    "firstLeg": 10.32,
    "name": "Anninos Marcoullides",
    "id": 346,
    "year": 2000
  },
  {
    "country": "Indonesia",
    "lane": 5,
    "heat": 8,
    "secondLeg": 9.552,
    "firstLeg": 10.54,
    "name": "Yanes Raubaba",
    "id": 347,
    "year": 2000
  },
  {
    "country": "Albania",
    "lane": 4,
    "heat": 8,
    "secondLeg": 10.14,
    "firstLeg": 11.08,
    "name": "Oltion Luli",
    "id": 348,
    "year": 2000
  },
  {
    "country": "Niger",
    "lane": 7,
    "heat": 8,
    "secondLeg": 10.374,
    "firstLeg": 11.25,
    "name": "Mamane Sani Ali",
    "id": 349,
    "year": 2000
  },
  {
    "country": "United States",
    "lane": 5,
    "heat": 9,
    "secondLeg": 9.408,
    "firstLeg": 10.2,
    "name": "Jonathan Drummond",
    "id": 350,
    "year": 2000
  },
  {
    "country": "Australia",
    "lane": 9,
    "heat": 9,
    "secondLeg": 9.386,
    "firstLeg": 10.35,
    "name": "Matt Shirvington",
    "id": 351,
    "year": 2000
  },
  {
    "country": "Jamaica",
    "lane": 7,
    "heat": 9,
    "secondLeg": 9.826,
    "firstLeg": 10.41,
    "name": "Patrick Jarrett",
    "id": 352,
    "year": 2000
  },
  {
    "country": "Ukraine",
    "lane": 2,
    "heat": 9,
    "secondLeg": 9.784,
    "firstLeg": 10.48,
    "name": "Anatoliy Dovhal",
    "id": 353,
    "year": 2000
  },
  {
    "country": "Guatemala",
    "lane": 8,
    "heat": 9,
    "secondLeg": 9.691999999999998,
    "firstLeg": 10.54,
    "name": "Oscar Meneses",
    "id": 354,
    "year": 2000
  },
  {
    "country": "Japan",
    "lane": 1,
    "heat": 9,
    "secondLeg": 9.722,
    "firstLeg": 10.59,
    "name": "Shigeyuki Kojima",
    "id": 355,
    "year": 2000
  },
  {
    "country": "Netherlands Antilles",
    "lane": 6,
    "heat": 9,
    "secondLeg": 9.654,
    "firstLeg": 10.69,
    "name": "Caimin Douglas",
    "id": 356,
    "year": 2000
  },
  {
    "country": "Vanuatu",
    "lane": 3,
    "heat": 9,
    "secondLeg": 10.431999999999999,
    "firstLeg": 11.12,
    "name": "Abraham Kepsin",
    "id": 357,
    "year": 2000
  },
  {
    "country": "Guam",
    "lane": 4,
    "heat": 9,
    "secondLeg": 10.33,
    "firstLeg": 11.21,
    "name": "Philam Garcia",
    "id": 358,
    "year": 2000
  },
  {
    "country": "Great Britain",
    "lane": 1,
    "heat": 10,
    "secondLeg": 9.628,
    "firstLeg": 10.38,
    "name": "Jason Gardener",
    "id": 359,
    "year": 2000
  },
  {
    "country": "Jamaica",
    "lane": 3,
    "heat": 10,
    "secondLeg": 9.834,
    "firstLeg": 10.45,
    "name": "Lindel Frater",
    "id": 360,
    "year": 2000
  },
  {
    "country": "Ukraine",
    "lane": 5,
    "heat": 10,
    "secondLeg": 9.584,
    "firstLeg": 10.48,
    "name": "Kostyantyn Rurak",
    "id": 361,
    "year": 2000
  },
  {
    "country": "Namibia",
    "lane": 4,
    "heat": 10,
    "secondLeg": 9.87,
    "firstLeg": 10.53,
    "name": "Sherwin Vries",
    "id": 362,
    "year": 2000
  },
  {
    "country": "Trinidad and Tobago",
    "lane": 2,
    "heat": 10,
    "secondLeg": 9.964,
    "firstLeg": 10.56,
    "name": "Niconnor Alexander",
    "id": 363,
    "year": 2000
  },
  {
    "country": "Russia",
    "lane": 9,
    "heat": 10,
    "secondLeg": 9.948,
    "firstLeg": 10.68,
    "name": "Sergey Bychkov",
    "id": 364,
    "year": 2000
  },
  {
    "country": "Georgia",
    "lane": 8,
    "heat": 10,
    "secondLeg": 10.036,
    "firstLeg": 10.7,
    "name": "Ruslan Rusidze",
    "id": 365,
    "year": 2000
  },
  {
    "country": "Sierra Leone",
    "lane": 7,
    "heat": 10,
    "secondLeg": 10.092,
    "firstLeg": 10.74,
    "name": "Alpha B. Kamara",
    "id": 366,
    "year": 2000
  },
  {
    "country": "Kazakhstan",
    "lane": 6,
    "heat": 10,
    "secondLeg": 9.914,
    "firstLeg": 10.75,
    "name": "Vitaliy Medvedev",
    "id": 367,
    "year": 2000
  },
  {
    "country": "Jamaica",
    "lane": 3,
    "heat": 11,
    "secondLeg": 9.606,
    "firstLeg": 10.35,
    "name": "Christopher Williams",
    "id": 368,
    "year": 2000
  },
  {
    "country": "South Africa",
    "lane": 5,
    "heat": 11,
    "secondLeg": 9.76,
    "firstLeg": 10.44,
    "name": "Matthew Quinn",
    "id": 369,
    "year": 2000
  },
  {
    "country": "Japan",
    "lane": 7,
    "heat": 11,
    "secondLeg": 9.514,
    "firstLeg": 10.45,
    "name": "Koji Ito",
    "id": 370,
    "year": 2000
  },
  {
    "country": "Uruguay",
    "lane": 6,
    "heat": 11,
    "secondLeg": 9.556,
    "firstLeg": 10.54,
    "name": "Héber Viera",
    "id": 371,
    "year": 2000
  },
  {
    "country": "Argentina",
    "lane": 4,
    "heat": 11,
    "secondLeg": 9.896,
    "firstLeg": 10.56,
    "name": "Gabriel Simon",
    "id": 372,
    "year": 2000
  },
  {
    "country": "Indonesia",
    "lane": 8,
    "heat": 11,
    "secondLeg": 10.213999999999999,
    "firstLeg": 10.87,
    "name": "Erwin Heru Susanto",
    "id": 373,
    "year": 2000
  },
  {
    "country": "Chad",
    "lane": 1,
    "heat": 11,
    "secondLeg": 10.004,
    "firstLeg": 11,
    "name": "Moumi Sebergue",
    "id": 374,
    "year": 2000
  },
  {
    "country": "Suriname",
    "lane": 9,
    "heat": 11,
    "secondLeg": 10.312,
    "firstLeg": 11.1,
    "name": "Guillermo Dongo",
    "id": 375,
    "year": 2000
  },
  {
    "country": "Seychelles",
    "lane": 2,
    "heat": 11,
    "secondLeg": 10.278,
    "firstLeg": 11.15,
    "name": "Nelson Lucas",
    "id": 376,
    "year": 2000
  }
]